<component size="1705,1001">
  <displayList>
    <graph id="n31_n273" name="n31" xy="0,0" size="1705,1001" type="rect" fillColor="#ff999999">
      <relation target="" sidePair="width-width,height-height"/>
    </graph>
    <component id="n1_g4oc" name="mapComp" src="nx961d" xy="0,0" size="1200,1001"/>
    <component id="n3_g4oc" name="btn_walk" src="vtkz1u" pkg="g2zhtj9b" xy="1207,9" size="96,29">
      <Button title="设置可行走" titleFontSize="18"/>
    </component>
    <component id="n36_vtkz" name="btn_start" src="vtkz1u" pkg="g2zhtj9b" xy="1416,9" size="96,29">
      <Button title="设置起始点" titleFontSize="18"/>
    </component>
    <component id="n92_qig8" name="btn_waterVert" src="vtkz1u" pkg="g2zhtj9b" xy="1312,9" size="96,29">
      <Button title="设置落水点" titleFontSize="18"/>
    </component>
    <component id="n46_vtkz" name="btn_mapThing" src="vtkz1u" pkg="g2zhtj9b" xy="1207,45" size="115,29">
      <Button title="设置场景物件" titleFontSize="18"/>
    </component>
    <component id="n30_bfx2" name="btn_clearAll" src="pzzla" pkg="g2zhtj9b" xy="1581,9" size="115,29">
      <Button title="清除全部数据" titleFontSize="18"/>
    </component>
    <graph id="n45_vtkz" name="n45" xy="1207,80" size="266,678" type="rect" fillColor="#ffccffff">
      <relation target="" sidePair="width-width,height-height"/>
    </graph>
    <list id="n44_vtkz" name="list_tree" xy="1210,84" size="259,670" overflow="scroll" scrollBarFlags="128" defaultItem="ui://g2zhtj9bpmk31" treeView="true" indent="15" clickToExpand="1"/>
    <text id="n102_eq6j" name="n102" xy="1482,86" size="84,24" group="n117_nlz9" fontSize="16" color="#ffffff" text="物件类型："/>
    <component id="n108_n4uv" name="combo_thingkType" src="n4uv22" pkg="g2zhtj9b" xy="1565,87" size="100,22" group="n117_nlz9">
      <ComboBox visibleItemCount="10"/>
    </component>
    <text id="n110_uxy4" name="n110" xy="1482,111" size="84,24" group="n117_nlz9" fontSize="16" color="#ffffff" text="触发类型："/>
    <component id="n111_uxy4" name="combo_triggerType" src="n4uv22" pkg="g2zhtj9b" xy="1565,111" size="100,22" group="n117_nlz9">
      <ComboBox visibleItemCount="10"/>
    </component>
    <text id="n164_dq1h" name="n164" xy="1482,135" size="84,24" group="n117_nlz9" fontSize="16" color="#ffffff" text="关联类型："/>
    <component id="n165_dq1h" name="combo_relationType" src="n4uv22" pkg="g2zhtj9b" xy="1565,135" size="100,22" group="n117_nlz9">
      <ComboBox visibleItemCount="10"/>
    </component>
    <text id="n167_dq1h" name="n167" xy="1482,165" size="84,24" group="n117_nlz9" fontSize="16" color="#ffffff" text="关联参数："/>
    <graph id="n168_dq1h" name="n168" xy="1565,160" size="101,33" group="n117_nlz9" type="rect"/>
    <text id="n169_dq1h" name="txt_relationParm" xy="1569,164" size="93,24" group="n117_nlz9" fontSize="16" autoSize="none" singleLine="true" text="" input="true" prompt="0" maxLength="10" keyboardType="2"/>
    <text id="n57_vtkz" name="n57" xy="1505,198" size="67,24" group="n117_nlz9" fontSize="16" color="#ffffff" autoSize="none" text="taskId："/>
    <graph id="n56_vtkz" name="n56" xy="1565,195" size="101,33" group="n117_nlz9" type="rect"/>
    <text id="n58_vtkz" name="txt_taskId" xy="1569,199" size="93,24" group="n117_nlz9" fontSize="16" autoSize="none" singleLine="true" text="" input="true" prompt="0" maxLength="8" restrict="[0-9]" keyboardType="2"/>
    <text id="n113_v21r" name="n113" xy="1511,233" size="61,24" group="n117_nlz9" fontSize="16" color="#ffffff" autoSize="none" text="grpId："/>
    <graph id="n114_v21r" name="n114" xy="1565,230" size="101,33" group="n117_nlz9" type="rect"/>
    <text id="n115_v21r" name="txt_groupId" xy="1569,234" size="93,24" group="n117_nlz9" fontSize="16" autoSize="none" singleLine="true" text="" input="true" prompt="0" maxLength="8" restrict="[0-9]" keyboardType="2"/>
    <component id="n172_dq1h" name="btn_xReduce" src="pl6m26" pkg="g2zhtj9b" xy="1509,270" size="20,20" group="n117_nlz9" scale="-1,1"/>
    <component id="n171_dq1h" name="btn_xAdd" src="pl6m26" pkg="g2zhtj9b" xy="1511,270" size="20,20" group="n117_nlz9"/>
    <text id="n133_vmus" name="n133" xy="1535,268" size="28,24" group="n117_nlz9" fontSize="16" color="#ffffff" autoSize="none" text="x："/>
    <graph id="n134_vmus" name="n134" xy="1565,265" size="101,33" group="n117_nlz9" type="rect"/>
    <text id="n135_vmus" name="txt_x" xy="1569,269" size="93,24" group="n117_nlz9" fontSize="16" autoSize="none" singleLine="true" text="" input="true" prompt="0" maxLength="8" restrict="[0-9]" keyboardType="4"/>
    <component id="n173_dq1h" name="btn_yReduce" src="pl6m26" pkg="g2zhtj9b" xy="1509,306" size="20,20" group="n117_nlz9" scale="-1,1"/>
    <component id="n174_dq1h" name="btn_yAdd" src="pl6m26" pkg="g2zhtj9b" xy="1511,306" size="20,20" group="n117_nlz9"/>
    <text id="n137_vmus" name="n137" xy="1535,304" size="29,24" group="n117_nlz9" fontSize="16" color="#ffffff" autoSize="none" text="y："/>
    <graph id="n138_vmus" name="n138" xy="1565,301" size="101,33" group="n117_nlz9" type="rect"/>
    <text id="n139_vmus" name="txt_y" xy="1569,305" size="93,24" group="n117_nlz9" fontSize="16" autoSize="none" singleLine="true" text="" input="true" prompt="0" maxLength="8" restrict="[0-9]" keyboardType="4"/>
    <text id="n141_vmus" name="n141" xy="1489,340" size="84,24" group="n117_nlz9" fontSize="16" color="#ffffff" autoSize="none" text="anchorX："/>
    <graph id="n142_vmus" name="n142" xy="1565,337" size="101,33" group="n117_nlz9" type="rect"/>
    <text id="n143_vmus" name="txt_anchorX" xy="1569,341" size="93,24" group="n117_nlz9" fontSize="16" autoSize="none" singleLine="true" text="" input="true" prompt="0.5" maxLength="8" restrict="[0-9]" keyboardType="2"/>
    <text id="n145_vmus" name="n145" xy="1489,376" size="83,24" group="n117_nlz9" fontSize="16" color="#ffffff" autoSize="none" text="anchorY："/>
    <graph id="n146_vmus" name="n146" xy="1565,373" size="101,33" group="n117_nlz9" type="rect"/>
    <text id="n147_vmus" name="txt_anchorY" xy="1569,377" size="93,24" group="n117_nlz9" fontSize="16" autoSize="none" singleLine="true" text="" input="true" prompt="0.5" maxLength="8" restrict="[0-9]" keyboardType="2"/>
    <text id="n150_p30h" name="n150" xy="1485,410" size="84,24" group="n117_nlz9" fontSize="16" color="#ffffff" autoSize="none" text="物件宽高："/>
    <text id="n154_p30h" name="txt_thingRect" xy="1566,410" size="96,24" group="n117_nlz9" fontSize="16" autoSize="none" text="4000, 4000"/>
    <group id="n117_nlz9" name="grp_mapThingInfo" xy="1482,86" size="184,348" visible="false" advanced="true"/>
    <text id="n155_dq1h" name="n155" xy="1480,86" size="84,24" group="n132_nlz9" fontSize="16" color="#ffffff" text="顶点类型："/>
    <component id="n159_dq1h" name="combo_bevelType" src="n4uv22" pkg="g2zhtj9b" xy="1557,87" size="100,22" group="n132_nlz9">
      <ComboBox visibleItemCount="10"/>
    </component>
    <text id="n128_nlz9" name="n128" xy="1480,120" size="69,24" group="n132_nlz9" fontSize="16" color="#ffffff" text="grpIds："/>
    <graph id="n129_nlz9" name="n129" xy="1574,115" size="98,33" group="n132_nlz9" type="rect"/>
    <text id="n130_nlz9" name="txt_groupIds" xy="1579,119" size="89,24" group="n132_nlz9" fontSize="16" autoSize="none" singleLine="true" text="" input="true" prompt="0" maxLength="10" keyboardType="2"/>
    <text id="n160_dq1h" name="n160" xy="1480,158" size="99,24" group="n132_nlz9" fontSize="16" color="#ffffff" text="subGrpIds："/>
    <graph id="n161_dq1h" name="n161" xy="1574,153" size="98,33" group="n132_nlz9" type="rect"/>
    <text id="n162_dq1h" name="txt_subGroupIds" xy="1579,157" size="89,24" group="n132_nlz9" fontSize="16" autoSize="none" singleLine="true" text="" input="true" prompt="0" maxLength="10" keyboardType="2"/>
    <group id="n132_nlz9" name="grp_bevel" xy="1480,86" size="192,100" visible="false" advanced="true"/>
    <graph id="n9_g4oc" name="n9" xy="1316,830" size="70,34" type="rect"/>
    <text id="n90_qig8" name="txt_mapRect" xy="1289,795" size="96,24" fontSize="16" autoSize="none" text="4000, 4000"/>
    <text id="n7_g4oc" name="n7" xy="1207,835" size="116,24" fontSize="16" color="#ffffff" text="设置格子大小："/>
    <text id="n8_g4oc" name="txt_cellSize" xy="1320,835" size="60,24" fontSize="16" autoSize="none" singleLine="true" text="" input="true" prompt="40" maxLength="3" restrict="[0-9]" keyboardType="2"/>
    <component id="n10_g4oc" name="btn_resizeGrid" src="pzzla" pkg="g2zhtj9b" xy="1398,832" size="107,36" scale="0.8,0.8">
      <Button title="确定"/>
    </component>
    <text id="n14_o1cz" name="n14" xy="1207,794" size="84,24" fontSize="16" color="#ffffff" text="地图宽高："/>
    <component id="n35_vtkz" name="btn_gridRange" src="pzzla" pkg="g2zhtj9b" xy="1463,876" size="107,36" scale="0.8,0.8">
      <Button title="确定"/>
    </component>
    <graph id="n32_vtkz" name="n32" xy="1377,874" size="73,32" type="rect"/>
    <text id="n33_vtkz" name="n33" xy="1207,880" size="180,24" fontSize="16" color="#ffffff" text="设置格子扩散范围大小："/>
    <text id="n34_vtkz" name="txt_gridRange" xy="1382,878" size="60,24" fontSize="16" autoSize="none" singleLine="true" text="" input="true" prompt="0" maxLength="3" restrict="[0-9]" keyboardType="2"/>
    <text id="n96_qig8" name="n96" xy="1421,793" size="116,24" fontSize="16" color="#ffffff" text="鼠标所处行列："/>
    <text id="n95_qig8" name="txt_mouseGridXY" xy="1533,795" size="96,24" fontSize="16" autoSize="none" text="0, 0"/>
    <text id="n97_qig8" name="n97" xy="1472,768" size="224,24" fontSize="16" color="#ff0000" text="(按鼠标中键刷新鼠标所处行列)">
      <relation target="" sidePair="right-right"/>
    </text>
    <component id="n5_g4oc" name="btn_exportJson" src="pzzla" pkg="g2zhtj9b" xy="1207,924" size="143,36" scale="0.8,0.8">
      <Button title="保存地图数据"/>
    </component>
    <component id="n38_vtkz" name="btn_changeMap" src="pzzla" pkg="g2zhtj9b" xy="1207,963" size="152,36" scale="0.8,0.8">
      <Button title="切换地图目录"/>
    </component>
    <component id="n22_t19y" name="btn_runDemo" src="pzzla" pkg="g2zhtj9b" xy="1608,963" size="115,36" scale="0.8,0.8">
      <Button title="测试运行"/>
    </component>
    <component id="n28_bfx2" name="btn_toCenter" src="pzzla" pkg="g2zhtj9b" xy="1471,924" size="144,36" scale="0.8,0.8">
      <Button title="到中心点"/>
    </component>
    <component id="n29_bfx2" name="btn_originalScale" src="pzzla" pkg="g2zhtj9b" xy="1340,924" size="144,36" scale="0.8,0.8">
      <Button title="回到原比例"/>
    </component>
    <component id="n101_ggar" name="btn_showGrid" src="pzzla" pkg="g2zhtj9b" xy="1340,963" size="152,36" scale="0.8,0.8">
      <Button title="显隐网格"/>
    </component>
    <component id="n149_ofhn" name="btn_showPath" src="pzzla" pkg="g2zhtj9b" xy="1475,963" size="152,36" scale="0.8,0.8">
      <Button title="显隐路点"/>
    </component>
  </displayList>
</component>