<component size="1550,910">
  <displayList>
    <graph id="n31_n273" name="n31" xy="0,0" size="1550,910" type="rect" fillColor="#ff999999">
      <relation target="" sidePair="width-width,height-height"/>
    </graph>
    <component id="n1_g4oc" name="mapComp" src="nx961d" xy="0,1" size="1033,910"/>
    <component id="n3_g4oc" name="btn_walk" src="vtkz1u" pkg="g2zhtj9b" xy="1043,9" size="120,36" scale="0.8,0.8">
      <Button title="设置可行走"/>
    </component>
    <component id="n2_g4oc" name="btn_block" src="vtkz1u" pkg="g2zhtj9b" xy="1043,43" size="120,36" scale="0.8,0.8" visible="false">
      <Button title="设置障碍物"/>
    </component>
    <component id="n4_g4oc" name="btn_blockVert" src="vtkz1u" pkg="g2zhtj9b" xy="1043,45" size="164,36" scale="0.8,0.8">
      <Button title="设置可视墙顶点"/>
    </component>
    <component id="n11_vlox" name="btn_clearWalk" src="pzzla" pkg="g2zhtj9b" xy="1154,9" size="172,36" scale="0.8,0.8">
      <Button title="清除全部可行走"/>
    </component>
    <component id="n12_vlox" name="btn_clearBolck" src="pzzla" pkg="g2zhtj9b" xy="1154,43" size="165,36" scale="0.8,0.8" visible="false">
      <Button title="清除全部障碍物"/>
    </component>
    <component id="n13_vlox" name="btn_clearBolckVert" src="pzzla" pkg="g2zhtj9b" xy="1191,45" size="210,36" scale="0.8,0.8">
      <Button title="清除全部可视墙顶点"/>
    </component>
    <component id="n19_d7z4" name="btn_water" src="vtkz1u" pkg="g2zhtj9b" xy="1043,118" size="120,36" scale="0.8,0.8">
      <Button title="设置水域"/>
    </component>
    <component id="n20_d7z4" name="btn_clearWater" src="pzzla" pkg="g2zhtj9b" xy="1154,118" size="165,36" scale="0.8,0.8">
      <Button title="清除全部水域"/>
    </component>
    <component id="n36_vtkz" name="btn_start" src="vtkz1u" pkg="g2zhtj9b" xy="1043,196" size="120,36" scale="0.8,0.8">
      <Button title="设置起始点"/>
    </component>
    <component id="n37_vtkz" name="btn_clearStart" src="pzzla" pkg="g2zhtj9b" xy="1154,196" size="165,36" scale="0.8,0.8">
      <Button title="清除全部起始点"/>
    </component>
    <component id="n30_bfx2" name="btn_clearAll" src="pzzla" pkg="g2zhtj9b" xy="1394,90" size="165,36" scale="0.8,0.8">
      <Button title="清除全部数据"/>
    </component>
    <component id="n92_qig8" name="btn_waterVert" src="vtkz1u" pkg="g2zhtj9b" xy="1044,156" size="120,36" scale="0.8,0.8">
      <Button title="设置落水点"/>
    </component>
    <component id="n93_qig8" name="btn_clearWaterVert" src="pzzla" pkg="g2zhtj9b" xy="1154,156" size="165,36" scale="0.8,0.8">
      <Button title="清除全部落水点"/>
    </component>
    <component id="n98_gke3" name="btn_visible" src="vtkz1u" pkg="g2zhtj9b" xy="1043,82" size="149,36" scale="0.8,0.8">
      <Button title="设置可视墙"/>
    </component>
    <component id="n99_gke3" name="btn_clearVisible" src="pzzla" pkg="g2zhtj9b" xy="1174,82" size="197,36" scale="0.8,0.8">
      <Button title="清除全部可视墙"/>
    </component>
    <component id="n106_eq6j" name="btn_startWall" src="vtkz1u" pkg="g2zhtj9b" xy="1046,44" size="164,36" scale="0.8,0.8" visible="false">
      <Button title="设置起始墙"/>
    </component>
    <component id="n46_vtkz" name="btn_mapThing" src="vtkz1u" pkg="g2zhtj9b" xy="1043,234" size="160,36" scale="0.8,0.8">
      <Button title="设置场景物件"/>
    </component>
    <component id="n107_eq6j" name="btn_switchWall" src="vtkz1u" pkg="g2zhtj9b" xy="1194,44" size="164,36" scale="0.8,0.8" visible="false">
      <Button title="设置开关墙"/>
    </component>
    <graph id="n45_vtkz" name="n45" xy="1046,271" size="265,338" type="rect" fillColor="#ffccffff">
      <relation target="" sidePair="width-width,height-height"/>
    </graph>
    <list id="n44_vtkz" name="list_tree" xy="1049,275" size="259,330" overflow="scroll" scrollBarFlags="128" defaultItem="ui://g2zhtj9bpmk31" treeView="true" indent="15" clickToExpand="1"/>
    <text id="n57_vtkz" name="n57" xy="1321,277" size="67,24" group="n117_nlz9" fontSize="16" color="#ffffff" text="taskId："/>
    <graph id="n56_vtkz" name="n56" xy="1381,274" size="71,31" group="n117_nlz9" type="rect"/>
    <text id="n58_vtkz" name="txt_taskId" xy="1386,278" size="61,24" group="n117_nlz9" fontSize="16" autoSize="none" singleLine="true" text="" input="true" prompt="0" maxLength="8" restrict="[0-9]" keyboardType="2"/>
    <text id="n113_v21r" name="n113" xy="1321,318" size="81,24" group="n117_nlz9" fontSize="16" color="#ffffff" text="groupId："/>
    <graph id="n114_v21r" name="n114" xy="1396,315" size="71,31" group="n117_nlz9" type="rect"/>
    <text id="n115_v21r" name="txt_groupId" xy="1401,319" size="61,24" group="n117_nlz9" fontSize="16" autoSize="none" singleLine="true" text="" input="true" prompt="0" maxLength="8" restrict="[0-9]" keyboardType="2"/>
    <text id="n102_eq6j" name="n102" xy="1321,357" size="84,24" group="n117_nlz9" fontSize="16" color="#ffffff" text="物件类型："/>
    <component id="n108_n4uv" name="combo_taskType" src="n4uv22" pkg="g2zhtj9b" xy="1404,359" size="100,20" group="n117_nlz9">
      <ComboBox visibleItemCount="10"/>
    </component>
    <text id="n110_uxy4" name="n110" xy="1321,395" size="84,24" group="n117_nlz9" fontSize="16" color="#ffffff" text="触发类型："/>
    <component id="n111_uxy4" name="combo_triggerType" src="n4uv22" pkg="g2zhtj9b" xy="1406,396" size="100,20" group="n117_nlz9">
      <ComboBox visibleItemCount="10"/>
    </component>
    <text id="n133_vmus" name="n133" xy="1321,434" size="28,24" group="n117_nlz9" fontSize="16" color="#ffffff" text="x："/>
    <graph id="n134_vmus" name="n134" xy="1351,431" size="71,31" group="n117_nlz9" type="rect"/>
    <text id="n135_vmus" name="txt_x" xy="1356,435" size="61,24" group="n117_nlz9" fontSize="16" autoSize="none" singleLine="true" text="" input="true" prompt="0" maxLength="8" restrict="[0-9]" keyboardType="4"/>
    <text id="n137_vmus" name="n137" xy="1428,434" size="29,24" group="n117_nlz9" fontSize="16" color="#ffffff" text="y："/>
    <graph id="n138_vmus" name="n138" xy="1458,431" size="71,31" group="n117_nlz9" type="rect"/>
    <text id="n139_vmus" name="txt_y" xy="1463,435" size="61,24" group="n117_nlz9" fontSize="16" autoSize="none" singleLine="true" text="" input="true" prompt="0" maxLength="8" restrict="[0-9]" keyboardType="4"/>
    <text id="n141_vmus" name="n141" xy="1321,471" size="84,24" group="n117_nlz9" fontSize="16" color="#ffffff" text="anchorX："/>
    <graph id="n142_vmus" name="n142" xy="1400,468" size="71,31" group="n117_nlz9" type="rect"/>
    <text id="n143_vmus" name="txt_anchorX" xy="1405,472" size="61,24" group="n117_nlz9" fontSize="16" autoSize="none" singleLine="true" text="" input="true" prompt="0.5" maxLength="8" restrict="[0-9]" keyboardType="2"/>
    <text id="n145_vmus" name="n145" xy="1321,506" size="83,24" group="n117_nlz9" fontSize="16" color="#ffffff" text="anchorY："/>
    <graph id="n146_vmus" name="n146" xy="1400,503" size="71,31" group="n117_nlz9" type="rect"/>
    <text id="n147_vmus" name="txt_anchorY" xy="1405,507" size="61,24" group="n117_nlz9" fontSize="16" autoSize="none" singleLine="true" text="" input="true" prompt="0.5" maxLength="8" restrict="[0-9]" keyboardType="2"/>
    <text id="n150_p30h" name="n150" xy="1321,547" size="84,24" group="n117_nlz9" fontSize="16" color="#ffffff" text="物件宽高："/>
    <text id="n154_p30h" name="txt_thingRect" xy="1402,547" size="96,24" group="n117_nlz9" fontSize="16" autoSize="none" text="4000, 4000"/>
    <group id="n117_nlz9" name="grp_mapThingInfo" xy="1321,274" size="208,297" visible="false" advanced="true"/>
    <text id="n128_nlz9" name="n128" xy="1319,277" size="81,24" group="n132_nlz9" fontSize="16" color="#ffffff" text="groupId："/>
    <graph id="n129_nlz9" name="n129" xy="1394,274" size="71,31" group="n132_nlz9" type="rect"/>
    <text id="n130_nlz9" name="txt_groupId2" xy="1399,278" size="61,24" group="n132_nlz9" fontSize="16" autoSize="none" singleLine="true" text="" input="true" prompt="0" maxLength="10" keyboardType="2"/>
    <group id="n132_nlz9" name="grp_bevel" xy="1319,274" size="146,31" visible="false" advanced="true"/>
    <graph id="n9_g4oc" name="n9" xy="1152,734" size="70,34" type="rect"/>
    <text id="n90_qig8" name="txt_mapRect" xy="1125,699" size="96,24" fontSize="16" autoSize="none" text="4000, 4000"/>
    <text id="n7_g4oc" name="n7" xy="1043,739" size="116,24" fontSize="16" color="#ffffff" text="设置格子大小："/>
    <text id="n8_g4oc" name="txt_cellSize" xy="1156,739" size="60,24" fontSize="16" autoSize="none" singleLine="true" text="" input="true" prompt="40" maxLength="3" restrict="[0-9]" keyboardType="2"/>
    <component id="n10_g4oc" name="btn_resizeGrid" src="pzzla" pkg="g2zhtj9b" xy="1234,736" size="107,36" scale="0.8,0.8">
      <Button title="确定"/>
    </component>
    <text id="n14_o1cz" name="n14" xy="1043,698" size="84,24" fontSize="16" color="#ffffff" text="地图宽高："/>
    <component id="n35_vtkz" name="btn_gridRange" src="pzzla" pkg="g2zhtj9b" xy="1299,780" size="107,36" scale="0.8,0.8">
      <Button title="确定"/>
    </component>
    <graph id="n32_vtkz" name="n32" xy="1213,778" size="73,32" type="rect"/>
    <text id="n33_vtkz" name="n33" xy="1043,784" size="180,24" fontSize="16" color="#ffffff" text="设置格子扩散范围大小："/>
    <text id="n34_vtkz" name="txt_gridRange" xy="1218,782" size="60,24" fontSize="16" autoSize="none" singleLine="true" text="" input="true" prompt="0" maxLength="3" restrict="[0-9]" keyboardType="2"/>
    <text id="n96_qig8" name="n96" xy="1257,697" size="116,24" fontSize="16" color="#ffffff" text="鼠标所处行列："/>
    <text id="n95_qig8" name="txt_mouseGridXY" xy="1369,699" size="96,24" fontSize="16" autoSize="none" text="0, 0"/>
    <text id="n97_qig8" name="n97" xy="1316,672" size="224,24" fontSize="16" color="#ff0000" text="(按鼠标中键刷新鼠标所处行列)">
      <relation target="" sidePair="right-right"/>
    </text>
    <component id="n5_g4oc" name="btn_exportJson" src="pzzla" pkg="g2zhtj9b" xy="1043,828" size="143,36" scale="0.8,0.8">
      <Button title="保存地图数据"/>
    </component>
    <component id="n38_vtkz" name="btn_changeMap" src="pzzla" pkg="g2zhtj9b" xy="1043,867" size="152,36" scale="0.8,0.8">
      <Button title="切换地图目录"/>
    </component>
    <component id="n22_t19y" name="btn_runDemo" src="pzzla" pkg="g2zhtj9b" xy="1444,867" size="115,36" scale="0.8,0.8">
      <Button title="测试运行"/>
    </component>
    <component id="n28_bfx2" name="btn_toCenter" src="pzzla" pkg="g2zhtj9b" xy="1307,828" size="144,36" scale="0.8,0.8">
      <Button title="到中心点"/>
    </component>
    <component id="n29_bfx2" name="btn_originalScale" src="pzzla" pkg="g2zhtj9b" xy="1176,828" size="144,36" scale="0.8,0.8">
      <Button title="回到原比例"/>
    </component>
    <component id="n101_ggar" name="btn_showGrid" src="pzzla" pkg="g2zhtj9b" xy="1176,867" size="152,36" scale="0.8,0.8">
      <Button title="显隐网格"/>
    </component>
    <component id="n149_ofhn" name="btn_showPath" src="pzzla" pkg="g2zhtj9b" xy="1311,867" size="152,36" scale="0.8,0.8">
      <Button title="显隐路点"/>
    </component>
    <text id="n69_vtkz" name="n69" xy="1052,618" size="36,24" fontSize="16" color="#ffffff" text="上："/>
    <graph id="n70_vtkz" name="n70" xy="1081,615" size="71,31" type="rect"/>
    <text id="n71_vtkz" name="txt_top" xy="1086,619" size="61,24" fontSize="16" autoSize="none" singleLine="true" text="" input="true" prompt="0" maxLength="7" restrict="[0-9\\-]" keyboardType="2"/>
    <text id="n77_vtkz" name="n77" xy="1156,618" size="36,24" fontSize="16" color="#ffffff" text="下："/>
    <graph id="n78_vtkz" name="n78" xy="1185,615" size="71,31" type="rect"/>
    <text id="n79_vtkz" name="txt_bottom" xy="1190,619" size="61,24" fontSize="16" autoSize="none" singleLine="true" text="" input="true" prompt="0" maxLength="7" restrict="[0-9\\-]" keyboardType="2"/>
    <text id="n81_vtkz" name="n81" xy="1053,658" size="36,24" fontSize="16" color="#ffffff" text="左："/>
    <graph id="n82_vtkz" name="n82" xy="1082,655" size="71,31" type="rect"/>
    <text id="n83_vtkz" name="txt_left" xy="1087,659" size="61,24" fontSize="16" autoSize="none" singleLine="true" text="" input="true" prompt="0" maxLength="7" restrict="[0-9\\-]" keyboardType="2"/>
    <text id="n85_vtkz" name="n85" xy="1156,658" size="36,24" fontSize="16" color="#ffffff" text="右："/>
    <graph id="n86_vtkz" name="n86" xy="1185,655" size="71,31" type="rect"/>
    <text id="n87_vtkz" name="txt_right" xy="1190,659" size="61,24" fontSize="16" autoSize="none" singleLine="true" text="" input="true" prompt="0" maxLength="7" restrict="[0-9\\-]" keyboardType="2"/>
    <component id="n68_vtkz" name="btn_cutMap" src="pzzla" pkg="g2zhtj9b" xy="1272,639" scale="0.8,0.8">
      <Button title="裁剪地图"/>
    </component>
  </displayList>
</component>