<component size="1550,910">
  <displayList>
    <image id="n7" name="joystick_center" src="t19y1r" xy="217,730" pivot="0.5,0.5" anchor="true">
      <relation target="" sidePair="bottom-bottom"/>
    </image>
    <image id="n11_f731" name="thumb" src="t19y1s" xy="218,731" pivot="0.5,0.5" anchor="true" visible="false"/>
    <graph id="n2" name="joystick_touch" xy="0,0" size="1550,910" type="rect" lineSize="0" fillColor="#00ffffff">
      <relation target="" sidePair="width-width,height-height"/>
    </graph>
    <component id="n10_t19y" name="btn_close" src="os3cj" pkg="g2zhtj9b" xy="1500,0">
      <relation target="" sidePair="right-right,top-top"/>
    </component>
  </displayList>
</component>