<component size="20,20" pivot="0.5,0.5" extention="Button">
  <controller name="button" pages="0,up,1,down,2,over,3,selectedOver" selected="0"/>
  <displayList>
    <image id="n0_h1du" name="n0" src="pmk34" xy="0,0" pivot="0.5,0.5" size="20,20" pkg="g2zhtj9b">
      <gearDisplay controller="button" pages="0,2"/>
      <relation target="" sidePair="width-width,height-height"/>
    </image>
    <image id="n1_h1du" name="n1" src="pmk34" xy="0,0" pivot="0.5,0.5" size="20,20" pkg="g2zhtj9b">
      <gearDisplay controller="button" pages="1,3"/>
      <relation target="" sidePair="width-width,height-height"/>
    </image>
  </displayList>
  <Button downEffect="scale" downEffectValue=".8"/>
</component>