<component size="640,1280" opaque="false">
  <displayList>
    <component id="n5_onok" name="frame" src="h98z1c" xy="91,497" size="458,285">
      <relation target="" sidePair="center-center,middle-middle"/>
      <Label title="提示"/>
    </component>
    <text id="n1_bvhz" name="txt_msg" xy="144,605" size="339,32" fontSize="22" align="center" autoSize="height" text="我是消息码">
      <relation target="" sidePair="center-center,middle-middle"/>
    </text>
    <component id="n3_onok" name="btn_ok" src="pzzla" xy="190,705" size="100,36" group="n7_onok">
      <Button title="确定"/>
    </component>
    <component id="n4_onok" name="btn_cancel" src="pzzla" xy="347,705" size="100,36" group="n7_onok">
      <Button title="取消"/>
    </component>
    <group id="n7_onok" name="n7" xy="190,705" size="257,36" advanced="true" layout="hz" colGap="57" excludeInvisibles="true">
      <relation target="" sidePair="center-center,middle-middle"/>
    </group>
  </displayList>
</component>