<component size="240,48" extention="Button">
  <controller name="button" pages="0,up,1,down,2,over,3,selectedOver" selected="0"/>
  <controller name="expanded" pages="0,,1," selected="0"/>
  <controller name="leaf" pages="0,,1," selected="0"/>
  <displayList>
    <graph id="n10" name="n10" xy="0,0" size="240,48" type="rect" lineSize="0" fillColor="#7a0066cc">
      <gearDisplay controller="button" pages="1,3"/>
      <relation target="" sidePair="width-width,height-height"/>
    </graph>
    <text id="n2" name="title" xy="105,8" size="134,32" fontSize="28" autoSize="none" singleLine="true" text="Title">
      <relation target="" sidePair="width-width"/>
      <relation target="n6" sidePair="leftext-right"/>
    </text>
    <graph id="n3" name="indent" xy="0,0" size="16,48"/>
    <loader id="n6" name="icon" xy="55,0" size="50,45" url="ui://g2zhtj9bpmk32" align="center" vAlign="middle" fill="scale">
      <gearIcon controller="expanded" pages="1" values="ui://g2zhtj9bua5o6" default="ui://g2zhtj9bpmk32"/>
      <relation target="n3" sidePair="left-right"/>
    </loader>
    <component id="n7" name="expandButton" src="pmk33" xy="15,9">
      <gearDisplay controller="leaf" pages="0"/>
      <relation target="n3" sidePair="left-right"/>
      <Button controller="expanded" page="1"/>
    </component>
  </displayList>
  <Button mode="Radio"/>
</component>