<component size="419,589">
  <displayList>
    <list id="n0_vtkz" name="tree" xy="0,0" size="419,589" overflow="scroll" scrollBarFlags="128" defaultItem="ui://g2zhtj9bpmk31" treeView="true" indent="15" clickToExpand="1">
      <relation target="" sidePair="width-width,height-height"/>
      <item title="Folder 1" level="0"/>
      <item title="Leaf 1" icon="ui://g2zhtj9bua5o8" level="1"/>
      <item title="Leaf 2" icon="ui://g2zhtj9bua5o8" level="1"/>
      <item title="Leaf 3" icon="ui://g2zhtj9bua5o8" level="1"/>
      <item title="Leaf 4" icon="ui://g2zhtj9bua5o8" level="1"/>
      <item title="Folder 2" level="0"/>
      <item title="Leaf 1" icon="ui://g2zhtj9bua5o7" level="1"/>
    </list>
  </displayList>
</component>